,Name,Line,Series,Grouping,Index,Owned,
,Isabelle - Winter Outfit,amiibo,Animal Crossing,Animal Crossing,1,Yes,
,K.K.,amiibo,Animal Crossing,Animal Crossing,2,Yes,
,Mabel,amiibo,Animal Crossing,Animal Crossing,3,Yes,
,Tom Nook,amiibo,Animal Crossing,Animal Crossing,4,Yes,
,Digby,amiibo,Animal Crossing,Animal Crossing,5,Yes,
,Reese,amiibo,Animal Crossing,Animal Crossing,6,Yes,
,Cyrus,amiibo,Animal Crossing,Animal Crossing,7,Yes,
,Lottie,amiibo,Animal Crossing,Animal Crossing,8,Yes,
,Blathers,amiibo,Animal Crossing,Animal Crossing,9,Yes,
,Celeste,amiibo,Animal Crossing,Animal Crossing,10,Yes,
,Resetti,amiibo,Animal Crossing,Animal Crossing,11,Yes,
,Kicks,amiibo,Animal Crossing,Animal Crossing,12,Yes,
,Timmy & Tommy,amiibo,Animal Crossing,Animal Crossing,13,Yes,
,Kapp'n,amiibo,Animal Crossing,Animal Crossing,14,Yes,
,Rover,amiibo,Animal Crossing,Animal Crossing,15,Yes,
,Isabelle - Summer Outfit,amiibo,Animal Crossing,Animal Crossing,16,Yes,
,Chibi-Robo,amiibo,Chibi-Robo,Chibi-Robo,1,Yes,
,Solaire of Astora,amiibo,Dark Souls,Dark Souls,1,Yes,
,Loot Goblin,amiibo,Diablo,Diablo,1,Yes,
,Donkey Kong & Pauline,amiibo,Donkey Kong,Donkey Kong,1,Yes,
,Alm,amiibo,Fire Emblem,Fire Emblem,1,Yes,
,Celica,amiibo,Fire Emblem,Fire Emblem,2,Yes,
,Chrom,amiibo,Fire Emblem,Fire Emblem,3,Yes,
,Tiki,amiibo,Fire Emblem,Fire Emblem,4,Yes,
,Kirby,amiibo,Kirby,Kirby,1,Yes,
,Meta Knight,amiibo,Kirby,Kirby,2,Yes,
,King Dedede,amiibo,Kirby,Kirby,3,Yes,
,Waddle Dee,amiibo,Kirby,Kirby,4,Yes,
,Wolf Link,amiibo,The Legend of Zelda,Legend of Zelda,1,Yes,
,Link - The Legend of Zelda,amiibo,The Legend of Zelda,Legend of Zelda,2,Yes,
,Link - Ocarina of Time,amiibo,The Legend of Zelda,Legend of Zelda,3,Yes,
,Toon Link - The Wind Waker,amiibo,The Legend of Zelda,Legend of Zelda,4,Yes,
,Zelda - The Wind Waker,amiibo,The Legend of Zelda,Legend of Zelda,5,Yes,
,Link - Archer,amiibo,The Legend of Zelda,Legend of Zelda,6,Yes,
,Link - Rider,amiibo,The Legend of Zelda,Legend of Zelda,7,Yes,
,Guardian,amiibo,The Legend of Zelda,Legend of Zelda,8,Yes,
,Zelda,amiibo,The Legend of Zelda,Legend of Zelda,9,Yes,
,Bokoblin,amiibo,The Legend of Zelda,Legend of Zelda,10,Yes,
,Link - Majora's Mask,amiibo,The Legend of Zelda,Legend of Zelda,11,Yes,
,Link - Twilight Princess,amiibo,The Legend of Zelda,Legend of Zelda,12,Yes,
,Link - Skyward Sword,amiibo,The Legend of Zelda,Legend of Zelda,13,Yes,
,Mipha - Zora Champion,amiibo,The Legend of Zelda,Legend of Zelda,14,Yes,
,Daruk - Goron Champion,amiibo,The Legend of Zelda,Legend of Zelda,15,Yes,
,Revali - Rito Champion,amiibo,The Legend of Zelda,Legend of Zelda,16,Yes,
,Urbosa - Gerudo Champion,amiibo,The Legend of Zelda,Legend of Zelda,17,Yes,
,Link - Link's Awakening,amiibo,The Legend of Zelda,Legend of Zelda,18,Yes,
,Zelda & Loftwing - Skyward Sword,amiibo,The Legend of Zelda,Legend of Zelda,19,Yes,
,Link - Tears of the Kingdom,amiibo,The Legend of Zelda,Legend of Zelda,20,Yes,
,Zelda - Tears of the Kingdom,amiibo,The Legend of Zelda,Legend of Zelda,21,Yes,
,Ganondorf - Tears of the Kingdom,amiibo,The Legend of Zelda,Legend of Zelda,22,Yes,
,Tulin,amiibo,The Legend of Zelda,Legend of Zelda,23,Yes,
,Yunobo,amiibo,The Legend of Zelda,Legend of Zelda,24,Yes,
,Sidon,amiibo,The Legend of Zelda,Legend of Zelda,25,Yes,
,Riju,amiibo,The Legend of Zelda,Legend of Zelda,26,Yes,
,Mega Man,amiibo,Mega Man,Mega Man,1,Yes,
,Samus Aran,amiibo,Metroid,Metroid,1,Yes,
,Metroid,amiibo,Metroid,Metroid,2,Yes,
,Samus,amiibo,Metroid,Metroid,3,Yes,
,E.M.M.I.,amiibo,Metroid,Metroid,4,Yes,
,One-Eyed Rathalos and Rider - Girl,amiibo,Monster Hunter,Monster Hunter,1,Yes,
,One-Eyed Rathalos and Rider - Boy,amiibo,Monster Hunter,Monster Hunter,2,Yes,
,Navirou,amiibo,Monster Hunter,Monster Hunter,3,Yes,
,Rathian and Cheval,amiibo,Monster Hunter,Monster Hunter,4,Yes,
,Barioth and Ayuria,amiibo,Monster Hunter,Monster Hunter,5,Yes,
,Qurupeco and Dan,amiibo,Monster Hunter,Monster Hunter,6,Yes,
,Magnamalo,amiibo,Monster Hunter,Monster Hunter,7,Yes,
,Palamute,amiibo,Monster Hunter,Monster Hunter,8,Yes,
,Palico,amiibo,Monster Hunter,Monster Hunter,9,Yes,
,Ena,amiibo,Monster Hunter,Monster Hunter,10,Yes,
,Razewing Ratha,amiibo,Monster Hunter,Monster Hunter,11,Yes,
,Tsukino,amiibo,Monster Hunter,Monster Hunter,12,Yes,
,Malzeno,amiibo,Monster Hunter,Monster Hunter,13,Yes,
,“Canyne Malzeno” Palamute,amiibo,Monster Hunter,Monster Hunter,14,Yes,
,“Felyne Malzeno” Palico,amiibo,Monster Hunter,Monster Hunter,15,Yes,
,Pikmin,amiibo,Pikmin,Pikmin,1,Yes,
,Detective Pikachu,amiibo,Pokémon,Pokémon,1,Yes,
,Shovel Knight,amiibo,Shovel Knight,Shovel Knight,1,Yes,
,Plague Knight,amiibo,Shovel Knight,Shovel Knight,2,Yes,
,Specter Knight,amiibo,Shovel Knight,Shovel Knight,3,Yes,
,King Knight,amiibo,Shovel Knight,Shovel Knight,4,Yes,
,Shovel Knight - Gold Edition,amiibo,Shovel Knight,Shovel Knight,5,Yes,
,Inkling Girl,amiibo,Splatoon,Splatoon,1,Yes,
,Inkling Boy,amiibo,Splatoon,Splatoon,2,Yes,
,Inkling Squid,amiibo,Splatoon,Splatoon,3,Yes,
,Callie,amiibo,Splatoon,Splatoon,4,Yes,
,Marie,amiibo,Splatoon,Splatoon,5,Yes,
,Inkling Girl (Lime Green),amiibo,Splatoon,Splatoon,6,Yes,
,Inkling Boy (Purple),amiibo,Splatoon,Splatoon,7,Yes,
,Inkling Squid (Orange),amiibo,Splatoon,Splatoon,8,Yes,
,Inkling Girl (Neon Pink),amiibo,Splatoon,Splatoon,9,Yes,
,Inkling Boy (Neon Green),amiibo,Splatoon,Splatoon,10,Yes,
,Inkling Squid (Neon Purple),amiibo,Splatoon,Splatoon,11,Yes,
,Pearl,amiibo,Splatoon,Splatoon,12,Yes,
,Marina,amiibo,Splatoon,Splatoon,13,Yes,
,Octoling Girl,amiibo,Splatoon,Splatoon,14,Yes,
,Octoling Boy,amiibo,Splatoon,Splatoon,15,Yes,
,Octoling Octopus,amiibo,Splatoon,Splatoon,16,Yes,
,Inkling (Yellow),amiibo,Splatoon,Splatoon,17,Yes,
,Octoling (Blue),amiibo,Splatoon,Splatoon,18,Yes,
,Smallfry,amiibo,Splatoon,Splatoon,19,Yes,
,Shiver,amiibo,Splatoon,Splatoon,20,Yes,
,Frye,amiibo,Splatoon,Splatoon,21,Yes,
,Big Man,amiibo,Splatoon,Splatoon,22,Yes,
,Callie (Alterna),amiibo,Splatoon,Splatoon,23,Yes,
,Marie (Alterna),amiibo,Splatoon,Splatoon,24,Yes,
,Pearl (Side Order),amiibo,Splatoon,Splatoon,25,Yes,
,Marina (Side Order),amiibo,Splatoon,Splatoon,26,Yes,
,Luke,amiibo,Street Fighter,Street Fighter,1,Yes,
,Jamie,amiibo,Street Fighter,Street Fighter,2,Yes,
,Kimberly,amiibo,Street Fighter,Street Fighter,3,Yes,
,Mario,amiibo,Super Mario,Super Mario,1,Yes,
,Luigi,amiibo,Super Mario,Super Mario,2,Yes,
,Peach,amiibo,Super Mario,Super Mario,3,Yes,
,Yoshi,amiibo,Super Mario,Super Mario,4,Yes,
,Toad,amiibo,Super Mario,Super Mario,5,Yes,
,Bowser,amiibo,Super Mario,Super Mario,6,Yes,
,Mario - Gold Edition,amiibo,Super Mario,Super Mario,7,Yes,
,Mario - Silver Edition,amiibo,Super Mario,Super Mario,8,Yes,
,Wario,amiibo,Super Mario,Super Mario,9,Yes,
,Rosalina,amiibo,Super Mario,Super Mario,10,Yes,
,Boo,amiibo,Super Mario,Super Mario,11,Yes,
,Donkey Kong,amiibo,Super Mario,Super Mario,12,Yes,
,Waluigi,amiibo,Super Mario,Super Mario,13,Yes,
,Daisy,amiibo,Super Mario,Super Mario,14,Yes,
,Diddy Kong,amiibo,Super Mario,Super Mario,15,Yes,
,Goomba,amiibo,Super Mario,Super Mario,16,Yes,
,Koopa Troopa,amiibo,Super Mario,Super Mario,17,Yes,
,Mario - Wedding Outfit,amiibo,Super Mario,Super Mario,18,Yes,
,Peach - Wedding Outfit,amiibo,Super Mario,Super Mario,19,Yes,
,Bowser - Wedding Outfit,amiibo,Super Mario,Super Mario,20,Yes,
,Cat Mario,amiibo,Super Mario,Super Mario,21,Yes,
,Cat Peach,amiibo,Super Mario,Super Mario,22,Yes,
,Mario - Classic Colors,amiibo,Super Mario Bros. 30th Anniversary,Super Mario Bros. 30th Anniversary,1,Yes,
,Mario - Modern Colors,amiibo,Super Mario Bros. 30th Anniversary,Super Mario Bros. 30th Anniversary,2,Yes,
,Mario,amiibo,Super Smash Bros.,Super Smash Bros.,1,Yes,
,Peach,amiibo,Super Smash Bros.,Super Smash Bros.,2,Yes,
,Yoshi,amiibo,Super Smash Bros.,Super Smash Bros.,3,Yes,
,Donkey Kong,amiibo,Super Smash Bros.,Super Smash Bros.,4,Yes,
,Link,amiibo,Super Smash Bros.,Super Smash Bros.,5,Yes,
,Fox,amiibo,Super Smash Bros.,Super Smash Bros.,6,Yes,
,Samus,amiibo,Super Smash Bros.,Super Smash Bros.,7,Yes,
,Wii Fit Trainer,amiibo,Super Smash Bros.,Super Smash Bros.,8,Yes,
,Villager,amiibo,Super Smash Bros.,Super Smash Bros.,9,Yes,
,Pikachu,amiibo,Super Smash Bros.,Super Smash Bros.,10,Yes,
,Kirby,amiibo,Super Smash Bros.,Super Smash Bros.,11,Yes,
,Marth,amiibo,Super Smash Bros.,Super Smash Bros.,12,Yes,
,Zelda,amiibo,Super Smash Bros.,Super Smash Bros.,13,Yes,
,Diddy Kong,amiibo,Super Smash Bros.,Super Smash Bros.,14,Yes,
,Luigi,amiibo,Super Smash Bros.,Super Smash Bros.,15,Yes,
,Little Mac,amiibo,Super Smash Bros.,Super Smash Bros.,16,Yes,
,Pit,amiibo,Super Smash Bros.,Super Smash Bros.,17,Yes,
,Captain Falcon,amiibo,Super Smash Bros.,Super Smash Bros.,18,Yes,
,Rosalina,amiibo,Super Smash Bros.,Super Smash Bros.,19,Yes,
,Bowser,amiibo,Super Smash Bros.,Super Smash Bros.,20,Yes,
,Lucario,amiibo,Super Smash Bros.,Super Smash Bros.,21,Yes,
,Toon Link,amiibo,Super Smash Bros.,Super Smash Bros.,22,Yes,
,Sheik,amiibo,Super Smash Bros.,Super Smash Bros.,23,Yes,
,Ike,amiibo,Super Smash Bros.,Super Smash Bros.,24,Yes,
,Shulk,amiibo,Super Smash Bros.,Super Smash Bros.,25,Yes,
,Sonic,amiibo,Super Smash Bros.,Super Smash Bros.,26,Yes,
,Mega Man,amiibo,Super Smash Bros.,Super Smash Bros.,27,Yes,
,Mega Man - Gold Edition,amiibo,Super Smash Bros.,Super Smash Bros.,27,Yes,
,King Dedede,amiibo,Super Smash Bros.,Super Smash Bros.,28,Yes,
,Meta Knight,amiibo,Super Smash Bros.,Super Smash Bros.,29,Yes,
,Robin,amiibo,Super Smash Bros.,Super Smash Bros.,30,Yes,
,Lucina,amiibo,Super Smash Bros.,Super Smash Bros.,31,Yes,
,Wario,amiibo,Super Smash Bros.,Super Smash Bros.,32,Yes,
,Charizard,amiibo,Super Smash Bros.,Super Smash Bros.,33,Yes,
,Ness,amiibo,Super Smash Bros.,Super Smash Bros.,34,Yes,
,Pac-Man,amiibo,Super Smash Bros.,Super Smash Bros.,35,Yes,
,Greninja,amiibo,Super Smash Bros.,Super Smash Bros.,36,Yes,
,Jigglypuff,amiibo,Super Smash Bros.,Super Smash Bros.,37,Yes,
,Palutena,amiibo,Super Smash Bros.,Super Smash Bros.,38,Yes,
,Dark Pit,amiibo,Super Smash Bros.,Super Smash Bros.,39,Yes,
,Zero Suit Samus,amiibo,Super Smash Bros.,Super Smash Bros.,40,Yes,
,Ganondorf,amiibo,Super Smash Bros.,Super Smash Bros.,41,Yes,
,Dr. Mario,amiibo,Super Smash Bros.,Super Smash Bros.,42,Yes,
,Bowser Jr.,amiibo,Super Smash Bros.,Super Smash Bros.,43,Yes,
,Olimar,amiibo,Super Smash Bros.,Super Smash Bros.,44,Yes,
,Mr. Game & Watch,amiibo,Super Smash Bros.,Super Smash Bros.,45,Yes,
,Mr. Game & Watch,amiibo,Super Smash Bros.,Super Smash Bros.,45,Yes,
,Mr. Game & Watch,amiibo,Super Smash Bros.,Super Smash Bros.,45,Yes,
,Mr. Game & Watch,amiibo,Super Smash Bros.,Super Smash Bros.,45,Yes,
,R.O.B. (NES),amiibo,Super Smash Bros.,Super Smash Bros.,46,Yes,
,Duck Hunt,amiibo,Super Smash Bros.,Super Smash Bros.,47,Yes,
,Mii Brawler,amiibo,Super Smash Bros.,Super Smash Bros.,48,Yes,
,Mii Swordfighter,amiibo,Super Smash Bros.,Super Smash Bros.,49,Yes,
,Mii Gunner,amiibo,Super Smash Bros.,Super Smash Bros.,50,Yes,
,Mewtwo,amiibo,Super Smash Bros.,Super Smash Bros.,51,Yes,
,Falco,amiibo,Super Smash Bros.,Super Smash Bros.,52,Yes,
,Lucas,amiibo,Super Smash Bros.,Super Smash Bros.,53,Yes,
,R.O.B. (Famicom),amiibo,Super Smash Bros.,Super Smash Bros.,54,Yes,
,Roy,amiibo,Super Smash Bros.,Super Smash Bros.,55,Yes,
,Ryu,amiibo,Super Smash Bros.,Super Smash Bros.,56,Yes,
,Cloud,amiibo,Super Smash Bros.,Super Smash Bros.,57,Yes,
,Cloud - Player 2,amiibo,Super Smash Bros.,Super Smash Bros.,58,Yes,
,Corrin,amiibo,Super Smash Bros.,Super Smash Bros.,59,Yes,
,Corrin - Player 2,amiibo,Super Smash Bros.,Super Smash Bros.,60,Yes,
,Bayonetta,amiibo,Super Smash Bros.,Super Smash Bros.,61,Yes,
,Bayonetta - Player 2,amiibo,Super Smash Bros.,Super Smash Bros.,62,Yes,
,Wolf,amiibo,Super Smash Bros.,Super Smash Bros.,63,Yes,
,Inkling,amiibo,Super Smash Bros.,Super Smash Bros.,64,Yes,
,Ridley,amiibo,Super Smash Bros.,Super Smash Bros.,65,Yes,
,Piranha Plant,amiibo,Super Smash Bros.,Super Smash Bros.,66,Yes,
,King K. Rool,amiibo,Super Smash Bros.,Super Smash Bros.,67,Yes,
,Ice Climbers,amiibo,Super Smash Bros.,Super Smash Bros.,68,Yes,
,Ken,amiibo,Super Smash Bros.,Super Smash Bros.,69,Yes,
,Young Link,amiibo,Super Smash Bros.,Super Smash Bros.,70,Yes,
,Daisy,amiibo,Super Smash Bros.,Super Smash Bros.,71,Yes,
,Pichu,amiibo,Super Smash Bros.,Super Smash Bros.,72,Yes,
,Isabelle,amiibo,Super Smash Bros.,Super Smash Bros.,73,Yes,
,Pokémon Trainer,amiibo,Super Smash Bros.,Super Smash Bros.,74,Yes,
,Snake,amiibo,Super Smash Bros.,Super Smash Bros.,75,Yes,
,Ivysaur,amiibo,Super Smash Bros.,Super Smash Bros.,76,Yes,
,Squirtle,amiibo,Super Smash Bros.,Super Smash Bros.,77,Yes,
,Simon,amiibo,Super Smash Bros.,Super Smash Bros.,78,Yes,
,Incineroar,amiibo,Super Smash Bros.,Super Smash Bros.,79,Yes,
,Chrom,amiibo,Super Smash Bros.,Super Smash Bros.,80,Yes,
,Dark Samus,amiibo,Super Smash Bros.,Super Smash Bros.,81,Yes,
,Richter,amiibo,Super Smash Bros.,Super Smash Bros.,82,Yes,
,Joker,amiibo,Super Smash Bros.,Super Smash Bros.,83,Yes,
,Hero,amiibo,Super Smash Bros.,Super Smash Bros.,84,Yes,
,Banjo & Kazooie,amiibo,Super Smash Bros.,Super Smash Bros.,85,Yes,
,Terry,amiibo,Super Smash Bros.,Super Smash Bros.,86,Yes,
,Byleth,amiibo,Super Smash Bros.,Super Smash Bros.,87,Yes,
,Min Min,amiibo,Super Smash Bros.,Super Smash Bros.,88,Yes,
,Steve,amiibo,Super Smash Bros.,Super Smash Bros.,89,Yes,
,Alex,amiibo,Super Smash Bros.,Super Smash Bros.,89,Yes,
,Sephiroth,amiibo,Super Smash Bros.,Super Smash Bros.,90,Yes,
,Kazuya,amiibo,Super Smash Bros.,Super Smash Bros.,91,Yes,
,Pyra,amiibo,Super Smash Bros.,Super Smash Bros.,92,Yes,
,Mythra,amiibo,Super Smash Bros.,Super Smash Bros.,93,Yes,
,Sora,amiibo,Super Smash Bros.,Super Smash Bros.,94,Yes,
,Noah,amiibo,Xenoblade Chronicles,Xenoblade Chronicles,1,Yes,
,Mio,amiibo,Xenoblade Chronicles,Xenoblade Chronicles,2,Yes,
,Green Yarn Yoshi,amiibo,Yoshi's Wolly World,Yoshi's Wolly World,1,Yes,
,Pink Yarn Yoshi,amiibo,Yoshi's Wolly World,Yoshi's Wolly World,2,Yes,
,Light-Blue Yarn Yoshi,amiibo,Yoshi's Wolly World,Yoshi's Wolly World,3,Yes,
,Mega Yarn Yoshi,amiibo,Yoshi's Wolly World,Yoshi's Wolly World,4,Yes,
,Poochy,amiibo,Yoshi's Wolly World,Yoshi's Wolly World,5,Yes,
,Bash,Skylanders,Spyro's Adventure,1,1,Yes,
,Legendary Bash,Skylanders,Spyro's Adventure,1,1,Yes,
,Terrafin,Skylanders,Spyro's Adventure,1,2,Yes,
,Dino-Rang,Skylanders,Spyro's Adventure,1,3,Yes,
,Prism Break,Skylanders,Spyro's Adventure,1,4,Yes,
,Drobot,Skylanders,Spyro's Adventure,1,5,Yes,
,Drill Sergeant,Skylanders,Spyro's Adventure,1,6,Yes,
,Boomer,Skylanders,Spyro's Adventure,1,7,Yes,
,Trigger Happy,Skylanders,Spyro's Adventure,1,8,Yes,
,Legendary Trigger Happy,Skylanders,Spyro's Adventure,1,8,Yes,
,Cynder,Skylanders,Spyro's Adventure,1,9,Yes,
,Hex,Skylanders,Spyro's Adventure,1,10,Yes,
,Chop Chop,Skylanders,Spyro's Adventure,1,11,Yes,
,Legendary Chop Chop,Skylanders,Spyro's Adventure,1,11,Yes,
,Ghost Roaster,Skylanders,Spyro's Adventure,1,12,Yes,
,Camo,Skylanders,Spyro's Adventure,1,13,Yes,
,Zook,Skylanders,Spyro's Adventure,1,14,Yes,
,Stealth Elf,Skylanders,Spyro's Adventure,1,15,Yes,
,Stump Smash,Skylanders,Spyro's Adventure,1,16,Yes,
,Sunburn,Skylanders,Spyro's Adventure,1,17,Yes,
,Eruptor,Skylanders,Spyro's Adventure,1,18,Yes,
,Ignitor,Skylanders,Spyro's Adventure,1,19,Yes,
,Flameslinger,Skylanders,Spyro's Adventure,1,20,Yes,
,Spyro,Skylanders,Spyro's Adventure,1,21,Yes,
,Dark Spyro,Skylanders,Spyro's Adventure,1,21,Yes,
,Legendary Spyro,Skylanders,Spyro's Adventure,1,21,Yes,
,Voodood,Skylanders,Spyro's Adventure,1,22,Yes,
,Double Trouble,Skylanders,Spyro's Adventure,1,23,Yes,
,Wrecking Ball,Skylanders,Spyro's Adventure,1,24,Yes,
,Whirlwind,Skylanders,Spyro's Adventure,1,25,Yes,
,Sonic Boom,Skylanders,Spyro's Adventure,1,26,Yes,
,Warnado,Skylanders,Spyro's Adventure,1,27,Yes,
,Lightning Rod,Skylanders,Spyro's Adventure,1,28,Yes,
,Zap,Skylanders,Spyro's Adventure,1,29,Yes,
,Wham-Shell,Skylanders,Spyro's Adventure,1,30,Yes,
,Gill Grunt,Skylanders,Spyro's Adventure,1,31,Yes,
,Slam Bam,Skylanders,Spyro's Adventure,1,32,Yes,
,Dragon's Peak,Skylanders,Spyro's Adventure,1,33,Yes,
,Empire of Ice,Skylanders,Spyro's Adventure,1,34,Yes,
,Pirate Seas,Skylanders,Spyro's Adventure,1,35,Yes,
,Darklight Crypt,Skylanders,Spyro's Adventure,1,36,Yes,
,Volcanic Vault,Skylanders,Spyro's Adventure,1,37,Yes,
,Sidekick Trigger Snappy,Skylanders,Spyro's Adventure,1,38,Yes,
,Sidekick Whisper Elf,Skylanders,Spyro's Adventure,1,39,Yes,
,Sidekick Gill Runt,Skylanders,Spyro's Adventure,1,40,Yes,
,Sidekick Terrabite,Skylanders,Spyro's Adventure,1,41,Yes,
,Anvil Rain,Skylanders,Spyro's Adventure,1,42,Yes,
,Time Twister,Skylanders,Spyro's Adventure,1,43,Yes,
,Ghost Swords,Skylanders,Spyro's Adventure,1,44,Yes,
,Winged Boots,Skylanders,Spyro's Adventure,1,45,Yes,
,Healing Elixir,Skylanders,Spyro's Adventure,1,46,Yes,
,Hidden Treasure,Skylanders,Spyro's Adventure,1,47,Yes,
,Sky-Iron Shield,Skylanders,Spyro's Adventure,1,48,Yes,
,Sparx Dragonfly,Skylanders,Spyro's Adventure,1,49,Yes,
,Crusher,Skylanders,Giants,2,1,Yes,
,Granite Crusher,Skylanders,Giants,2,1,No,
,Flashwing,Skylanders,Giants,2,2,Yes,
,Jade Flashwing,Skylanders,Giants,2,2,No,
,Series 2 Bash,Skylanders,Giants,2,3,Yes,
,Series 2 Terrafin,Skylanders,Giants,2,4,Yes,
,Series 2 Prism Break,Skylanders,Giants,2,5,Yes,
,LightCore Prism Break,Skylanders,Giants,2,5,Yes,
,Thumpback,Skylanders,Giants,2,6,Yes,
,Chill,Skylanders,Giants,2,7,Yes,
,LightCore Chill,Skylanders,Giants,2,7,No,
,Legendary LightCore Chill,Skylanders,Giants,2,7,Yes,
,Series 2 Zap,Skylanders,Giants,2,8,Yes,
,Series 2 Gill Grunt,Skylanders,Giants,2,9,Yes,
,Series 2 Slam Bam,Skylanders,Giants,2,10,Yes,
,Legendary Slam Bam,Skylanders,Giants,2,10,Yes,
,Bouncer,Skylanders,Giants,2,11,Yes,
,Legendary Bouncer,Skylanders,Giants,2,11,No,
,Sprocket,Skylanders,Giants,2,12,Yes,
,Series 2 Drobot,Skylanders,Giants,2,13,Yes,
,LightCore Drobot,Skylanders,Giants,2,13,Yes,
,Series 2 Drill Sergeant,Skylanders,Giants,2,14,Yes,
,Series 2 Trigger Happy,Skylanders,Giants,2,15,Yes,
,Eye-Brawl,Skylanders,Giants,2,16,Yes,
,Fright Rider,Skylanders,Giants,2,17,Yes,
,Series 2 Cynder,Skylanders,Giants,2,18,Yes,
,Series 2 Hex,Skylanders,Giants,2,19,Yes,
,LightCore Hex,Skylanders,Giants,2,19,Yes,
,Series 2 Chop Chop,Skylanders,Giants,2,20,Yes,
,Swarm,Skylanders,Giants,2,21,Yes,
,Jet-Vac,Skylanders,Giants,2,22,Yes,
,LightCore Jet-Vac,Skylanders,Giants,2,22,Yes,
,Legendary Jet-Vac,Skylanders,Giants,2,22,Yes,
,Series 2 Whirlwind,Skylanders,Giants,2,23,Yes,
,Polar Whirlwind,Skylanders,Giants,2,23,No,
,Sonic Boom,Skylanders,Giants,2,24,Yes,
,Series 2 Lightning Rod,Skylanders,Giants,2,25,Yes,
,Hot Head,Skylanders,Giants,2,26,Yes,
,Hot Dog,Skylanders,Giants,2,27,Yes,
,Molten Hot Dog,Skylanders,Giants,2,27,No,
,Series 2 Eruptor,Skylanders,Giants,2,28,Yes,
,LightCore Eruptor,Skylanders,Giants,2,28,Yes,
,Series 2 Ignitor,Skylanders,Giants,2,29,Yes,
,Legendary Ignitor,Skylanders,Giants,2,29,Yes,
,Series 2 Flameslinger,Skylanders,Giants,2,30,Yes,
,Ninjini,Skylanders,Giants,2,31,Yes,
,Scarlet Ninjini,Skylanders,Giants,2,31,No,
,Pop Fizz,Skylanders,Giants,2,32,Yes,
,LightCore Pop Fizz,Skylanders,Giants,2,32,No,
,Punch Pop Fizz,Skylanders,Giants,2,32,Yes,
,Series 2 Spyro,Skylanders,Giants,2,33,Yes,
,Series 2 Double Trouble,Skylanders,Giants,2,34,Yes,
,Royal Double Trouble,Skylanders,Giants,2,34,No,
,Series 2 Wrecking Ball,Skylanders,Giants,2,35,Yes,
,Tree Rex,Skylanders,Giants,2,36,Yes,
,Gnarly Tree Rex,Skylanders,Giants,2,36,Yes,
,Shroomboom,Skylanders,Giants,2,37,Yes,
,LightCore Shroomboom,Skylanders,Giants,2,37,Yes,
,Series 2 Zook,Skylanders,Giants,2,38,Yes,
,Series 2 Stealth Elf,Skylanders,Giants,2,39,Yes,
,Legendary Stealth Elf,Skylanders,Giants,2,39,Yes,
,Series 2 Stump Smash,Skylanders,Giants,2,40,Yes,
,Sidekick Thumpling,Skylanders,Giants,2,41,No,
,Sidekick Eye Small,Skylanders,Giants,2,42,Yes,
,Sidekick Mini Jini,Skylanders,Giants,2,43,No,
,Sidekick Barkley,Skylanders,Giants,2,44,Yes,
,Dragonfire Cannon,Skylanders,Giants,2,45,Yes,
,Golden Dragonfire Cannon,Skylanders,Giants,2,46,Yes,
,Scorpion Striker Catapult,Skylanders,Giants,2,47,Yes,
,Platinum Treasure Chest,Skylanders,Giants,2,48,Yes,
,Free Ranger,Skylanders,Swap Force,3,1,Yes,
,Legendary Free Ranger,Skylanders,Swap Force,3,1,Yes,
,Boom Jet,Skylanders,Swap Force,3,2,Yes,
,Pop Thorn,Skylanders,Swap Force,3,3,Yes,
,Scratch,Skylanders,Swap Force,3,4,No,
,Turbo Jet-Vac,Skylanders,Swap Force,3,5,No,
,LightCore Warnado,Skylanders,Swap Force,3,6,Yes,
,Horn Blast Whirlwind,Skylanders,Swap Force,3,7,Yes,
,Doom Stone,Skylanders,Swap Force,3,8,No,
,Rubble Rouser,Skylanders,Swap Force,3,9,Yes,
,Scorp,Skylanders,Swap Force,3,10,Yes,
,Slobber Tooth,Skylanders,Swap Force,3,11,Yes,
,Dark Slobber Tooth,Skylanders,Swap Force,3,11,Yes,
,LightCore Flashwing,Skylanders,Swap Force,3,12,Yes,
,Hyper Beam Prism Break,Skylanders,Swap Force,3,13,Yes,
,Knockout Terrafin,Skylanders,Swap Force,3,14,Yes,
,Blast Zone,Skylanders,Swap Force,3,15,Yes,
,Dark Blast Zone,Skylanders,Swap Force,3,15,No,
,Fire Kraken,Skylanders,Swap Force,3,16,Yes,
,Jade Fire Kraken,Skylanders,Swap Force,3,16,Yes,
,Smolderdash,Skylanders,Swap Force,3,17,Yes,
,LightCore Smolderdash,Skylanders,Swap Force,3,17,Yes,
,Fryno,Skylanders,Swap Force,3,18,No,
,Fire Bone Hot Dog,Skylanders,Swap Force,3,19,No,
,Lava Barf Eruptor,Skylanders,Swap Force,3,20,Yes,
,Volcanic Eruptor,Skylanders,Swap Force,3,20,Yes,
,Grilla Drilla,Skylanders,Swap Force,3,21,Yes,
,Stink Bomb,Skylanders,Swap Force,3,22,Yes,
,Zoo Lou,Skylanders,Swap Force,3,23,Yes,
,Legendary Zoo Lou,Skylanders,Swap Force,3,23,Yes,
,Bumble Blast,Skylanders,Swap Force,3,24,Yes,
,LightCore Bumble Blast,Skylanders,Swap Force,3,24,Yes,
,Jolly Bumble Blast,Skylanders,Swap Force,3,24,Yes,
,Ninja Stealth Elf,Skylanders,Swap Force,3,25,Yes,
,Dark Stealth Elf,Skylanders,Swap Force,3,25,Yes,
,Thorn Horn Camo,Skylanders,Swap Force,3,26,No,
,Hoot Loop,Skylanders,Swap Force,3,27,Yes,
,Enchanted Hoot Loop,Skylanders,Swap Force,3,27,Yes,
,Trap Shadow,Skylanders,Swap Force,3,28,Yes,
,Star Strike,Skylanders,Swap Force,3,29,Yes,
,LightCore Star Strike,Skylanders,Swap Force,3,29,Yes,
,Enchanted LightCore Star Strike,Skylanders,Swap Force,3,29,No,
,Dune Bug,Skylanders,Swap Force,3,30,Yes,
,Super Gulp Pop Fizz,Skylanders,Swap Force,3,31,Yes,
,Mega Ram Spyro,Skylanders,Swap Force,3,32,Yes,
,Dark Mega Ram Spyro,Skylanders,Swap Force,3,32,No,
,Magna Charge,Skylanders,Swap Force,3,33,Yes,
,Nitro Magna Charge,Skylanders,Swap Force,3,33,No,
,Spy Rise,Skylanders,Swap Force,3,34,Yes,
,Wind Up,Skylanders,Swap Force,3,35,Yes,
,Countdown,Skylanders,Swap Force,3,36,Yes,
,LightCore Countdown,Skylanders,Swap Force,3,36,Yes,
,Kickoff Countdown,Skylanders,Swap Force,3,36,Yes,
,Heavy Duty Sprocket,Skylanders,Swap Force,3,37,Yes,
,Big Bang Trigger Happy,Skylanders,Swap Force,3,38,Yes,
,Springtime Trigger Happy,Skylanders,Swap Force,3,38,Yes,
,Rattle Shake,Skylanders,Swap Force,3,39,Yes,
,Quick Draw Rattle Shake,Skylanders,Swap Force,3,39,No,
,Night Shift,Skylanders,Swap Force,3,40,Yes,
,Legendary Night Shift,Skylanders,Swap Force,3,40,Yes,
,Grim Creeper,Skylanders,Swap Force,3,41,Yes,
,LightCore Grim Creeper,Skylanders,Swap Force,3,41,Yes,
,Legendary LightCore Grim Creeper,Skylanders,Swap Force,3,41,Yes,
,Roller Brawl,Skylanders,Swap Force,3,42,Yes,
,Phantom Cynder,Skylanders,Swap Force,3,43,Yes,
,Twin Blade Chop Chop,Skylanders,Swap Force,3,44,Yes,
,Freeze Blade,Skylanders,Swap Force,3,45,Yes,
,Nitro Freeze Blade,Skylanders,Swap Force,3,45,No,
,Wash Buckler,Skylanders,Swap Force,3,46,Yes,
,Dark Wash Buckler,Skylanders,Swap Force,3,46,Yes,
,Punk Shock,Skylanders,Swap Force,3,47,No,
,Rip Tide,Skylanders,Swap Force,3,48,Yes,
,Blizzard Chill,Skylanders,Swap Force,3,49,Yes,
,Anchors Away Gill Grunt,Skylanders,Swap Force,3,50,Yes,
,LightCore Wham-Shell,Skylanders,Swap Force,3,51,Yes,
,Tower of Time,Skylanders,Swap Force,3,52,Yes,
,Sheep Wreck Island,Skylanders,Swap Force,3,53,Yes,
,Fiery Forge,Skylanders,Swap Force,3,54,Yes,
,Arkeyan Crossbow,Skylanders,Swap Force,3,55,Yes,
,Battle Hammer,Skylanders,Swap Force,3,56,Yes,
,Platinum Sheep,Skylanders,Swap Force,3,57,Yes,
,Sky Diamond,Skylanders,Swap Force,3,58,Yes,
,Groove Machine,Skylanders,Swap Force,3,59,Yes,
,Gusto,Skylanders,Trap Team,4,1,Yes,
,Thunderbolt,Skylanders,Trap Team,4,2,No,
,Fling Kong,Skylanders,Trap Team,4,3,No,
,Blades,Skylanders,Trap Team,4,4,Yes,
,Legendary Blades,Skylanders,Trap Team,4,4,No,
,Full Blast Jet-Vac,Skylanders,Trap Team,4,5,Yes,
,Wallop,Skylanders,Trap Team,4,6,No,
,Head Rush,Skylanders,Trap Team,4,7,Yes,
,Nitro Head Rush,Skylanders,Trap Team,4,7,Yes,
,Fist Bump,Skylanders,Trap Team,4,8,Yes,
,Rocky Roll,Skylanders,Trap Team,4,9,No,
,Wildfire,Skylanders,Trap Team,4,10,No,
,Dark Wildfire,Skylanders,Trap Team,4,10,No,
,Ka-Boom,Skylanders,Trap Team,4,11,Yes,
,Trail Blazer,Skylanders,Trap Team,4,12,No,
,Torch,Skylanders,Trap Team,4,13,Yes,
,Hog Wild Fryno,Skylanders,Trap Team,4,14,Yes,
,Snap Shot,Skylanders,Trap Team,4,15,Yes,
,Dark Snap Shot,Skylanders,Trap Team,4,15,No,
,Lob-Star,Skylanders,Trap Team,4,16,Yes,
,Winterfest Lob-Star,Skylanders,Trap Team,4,16,Yes,
,Flip Wreck,Skylanders,Trap Team,4,17,No,
,Echo,Skylanders,Trap Team,4,18,No,
,Tidal Wave Gill Grunt,Skylanders,Trap Team,4,19,Yes,
,Blastermind,Skylanders,Trap Team,4,20,Yes,
,Enigma,Skylanders,Trap Team,4,21,No,
,Deja Vu,Skylanders,Trap Team,4,22,Yes,
,Legendary Deja Vu,Skylanders,Trap Team,4,22,Yes,
,Cobra Cadabra,Skylanders,Trap Team,4,23,Yes,
,King Cobra Cadabra,Skylanders,Trap Team,4,23,No,
,Fizzy Frenzy Pop Fizz,Skylanders,Trap Team,4,24,Yes,
,Love Potion Pop Fizz,Skylanders,Trap Team,4,24,Yes,
,Jawbreaker,Skylanders,Trap Team,4,25,Yes,
,Legendary Jawbreaker,Skylanders,Trap Team,4,25,Yes,
,Gearshift,Skylanders,Trap Team,4,26,No,
,Chopper,Skylanders,Trap Team,4,27,Yes,
,Tread Head,Skylanders,Trap Team,4,28,Yes,
,Bushwhack,Skylanders,Trap Team,4,29,Yes,
,Legendary Bushwhack,Skylanders,Trap Team,4,29,No,
,Tuff Luck,Skylanders,Trap Team,4,30,Yes,
,Food Fight,Skylanders,Trap Team,4,31,Yes,
,Dark Food Fight,Skylanders,Trap Team,4,31,Yes,
,High Five,Skylanders,Trap Team,4,32,No,
,Sure Shot Shroomboom,Skylanders,Trap Team,4,33,Yes,
,Krypt King,Skylanders,Trap Team,4,34,No,
,Nitro Krypt King,Skylanders,Trap Team,4,34,No,
,Short Cut,Skylanders,Trap Team,4,35,No,
,Bat Spin,Skylanders,Trap Team,4,36,No,
,Funny Bone,Skylanders,Trap Team,4,37,Yes,
,Knight Light,Skylanders,Trap Team,4,38,No,
,Spotlight,Skylanders,Trap Team,4,39,No,
,Knight Mare,Skylanders,Trap Team,4,40,No,
,Blackout,Skylanders,Trap Team,4,41,No,
,Bop,Skylanders,Trap Team,4,42,Yes,
,Spry,Skylanders,Trap Team,4,43,Yes,
,Hijinx,Skylanders,Trap Team,4,44,Yes,
,Terrabite,Skylanders,Trap Team,4,45,Yes,
,Breeze,Skylanders,Trap Team,4,46,No,
,Weeruptor,Skylanders,Trap Team,4,47,No,
,Eggsellent Weeruptor,Skylanders,Trap Team,4,47,No,
,Pet Vac,Skylanders,Trap Team,4,48,No,
,Power Punch Pet Vac,Skylanders,Trap Team,4,48,Yes,
,Small Fry,Skylanders,Trap Team,4,49,Yes,
,Drobit,Skylanders,Trap Team,4,50,Yes,
,Gill Runt,Skylanders,Trap Team,4,51,Yes,
,Trigger Snappy,Skylanders,Trap Team,4,52,Yes,
,Whisper Elf,Skylanders,Trap Team,4,53,No,
,Barkley,Skylanders,Trap Team,4,54,No,
,Gnarly Barkley,Skylanders,Trap Team,4,54,No,
,Thumpling,Skylanders,Trap Team,4,55,No,
,Mini Jini,Skylanders,Trap Team,4,56,Yes,
,Eye Small,Skylanders,Trap Team,4,57,Yes,
,Mirror of Mystery,Skylanders,Trap Team,4,58,Yes,
,Nightmare Express,Skylanders,Trap Team,4,59,Yes,
,Sunscraper Spire,Skylanders,Trap Team,4,60,No,
,Midnight Museum,Skylanders,Trap Team,4,61,No,
,Hand of Fate,Skylanders,Trap Team,4,62,Yes,
,Legendary Hand of Fate,Skylanders,Trap Team,4,62,Yes,
,Piggy Bank,Skylanders,Trap Team,4,63,Yes,
,Rocket Ram,Skylanders,Trap Team,4,64,Yes,
,Tiki Speaky,Skylanders,Trap Team,4,65,Yes,
,Magic Log Holder (Biter's Bane),Skylanders,Trap Team,4,66,Yes,
,Magic Skull (Sorcerous Skull),Skylanders,Trap Team,4,67,Yes,
,Magic Axe (Axe of Illusion),Skylanders,Trap Team,4,68,Yes,
,Magic Hourglass (Arcane Hourglass),Skylanders,Trap Team,4,69,Yes,
,Magic Totem (Spell Slapper),Skylanders,Trap Team,4,70,No,
,Magic Rocket (Rune Rocket),Skylanders,Trap Team,4,71,Yes,
,Water Tiki (Tidal Tiki),Skylanders,Trap Team,4,72,Yes,
,Water Log Holder (Wet Walter),Skylanders,Trap Team,4,73,Yes,
,Water Jughead (Flood Flask),Skylanders,Trap Team,4,74,Yes,
,Legendary Water Jughead Trap,Skylanders,Trap Team,4,74,Yes,
,Water Angel (Soaking Staff),Skylanders,Trap Team,4,75,Yes,
,Water Axe (Aqua Axe),Skylanders,Trap Team,4,76,Yes,
,Water Flying Helmet (Frost Helm),Skylanders,Trap Team,4,77,No,
,Air Toucan (Breezy Bird),Skylanders,Trap Team,4,78,Yes,
,Air Jughead (Drafty Decanter),Skylanders,Trap Team,4,79,Yes,
,Air Hourglass (Tempest Timer),Skylanders,Trap Team,4,80,Yes,
,Air Snake (Cloudy Cobra),Skylanders,Trap Team,4,81,Yes,
,Air Screamer (Storm Warning),Skylanders,Trap Team,4,82,Yes,
,Air Sword (Cyclone Sabre),Skylanders,Trap Team,4,83,Yes,
,Undead Orb (Spirit Sphere),Skylanders,Trap Team,4,84,Yes,
,Legendary Undead Orb Trap,Skylanders,Trap Team,4,84,Yes,
,Undead Skull (Spectral Skull),Skylanders,Trap Team,4,85,Yes,
,Legendary Undead Skull Trap,Skylanders,Trap Team,4,85,Yes,
,Undead Axe (Haunted Hatchet),Skylanders,Trap Team,4,86,Yes,
,Undead Hand (Grim Gripper),Skylanders,Trap Team,4,87,Yes,
,Undead Snake (Spooky Snake),Skylanders,Trap Team,4,88,No,
,Undead Captain's Hat (Dream Piercer),Skylanders,Trap Team,4,89,No,
,Tech Tiki (Tech Totem),Skylanders,Trap Team,4,90,Yes,
,Tech Angel (Automatic Angel),Skylanders,Trap Team,4,91,Yes,
,Tech Scepter (Factory Flower),Skylanders,Trap Team,4,92,Yes,
,Tech Hand (Grabbing Gadget),Skylanders,Trap Team,4,93,Yes,
,Tech Flying Helmet (Makers Mana),Skylanders,Trap Team,4,94,Yes,
,Tech Handstand (Topsy Techy),Skylanders,Trap Team,4,95,No,
,Fire Torch (Eternal Flame),Skylanders,Trap Team,4,96,Yes,
,Fire Scepter (Fire Flower),Skylanders,Trap Team,4,97,Yes,
,Fire Screamer (Scorching Stopper),Skylanders,Trap Team,4,98,Yes,
,Fire Totem (Searing Spinner),Skylanders,Trap Team,4,99,Yes,
,Fire Captain's Hat (Spark Spear),Skylanders,Trap Team,4,100,Yes,
,Fire Yawn (Blazing Belch),Skylanders,Trap Team,4,101,No,
,Earth Toucan (Rock Hawk),Skylanders,Trap Team,4,102,Yes,
,Earth Orb (Banded Boulder),Skylanders,Trap Team,4,103,Yes,
,Earth Hammer (Slag Hammer),Skylanders,Trap Team,4,104,Yes,
,Earth Hourglass (Dust of Time),Skylanders,Trap Team,4,105,Yes,
,Earth Totem (Spinning Sandstorm),Skylanders,Trap Team,4,106,Yes,
,Earth Handstand (Rubble Trouble),Skylanders,Trap Team,4,107,Yes,
,Easter Bunny Earth Trap,Skylanders,Trap Team,4,107,Yes,
,Life Toucan (Oak Eagle),Skylanders,Trap Team,4,108,Yes,
,Life Torch (Emerald Energy),Skylanders,Trap Team,4,109,Yes,
,Life Hammer (Weed Whacker),Skylanders,Trap Team,4,110,Yes,
,Life Snake (Seed Serpent),Skylanders,Trap Team,4,111,Yes,
,Life Sword (Jade Blade),Skylanders,Trap Team,4,112,No,
,Life Yawn (Shrub Shrieker),Skylanders,Trap Team,4,113,No,
,Light Owl (Heavenly Hawk),Skylanders,Trap Team,4,114,No,
,Light Rocket (Shining Ship),Skylanders,Trap Team,4,115,No,
,Light Yawn (Beam Scream),Skylanders,Trap Team,4,116,No,
,Dark Handstand (Ghastly Grimace),Skylanders,Trap Team,4,117,No,
,Dark Spider (Shadow Spider),Skylanders,Trap Team,4,118,No,
,Dark Sword (Dark Dagger),Skylanders,Trap Team,4,119,No,
,Kaos Trap,Skylanders,Trap Team,4,120,Yes,
,Ultimate Kaos Trap (Dark Edition),Skylanders,Trap Team,4,120,Yes,
,Hurricane Jet-Vac,Skylanders,SuperChargers,5,1,Yes,
,Legendary Hurricane Jet-Vac,Skylanders,SuperChargers,5,1,Yes,
,Stormblade,Skylanders,SuperChargers,5,2,Yes,
,Shark Shooter Terrafin,Skylanders,SuperChargers,5,3,Yes,
,Smash Hit,Skylanders,SuperChargers,5,4,Yes,
,Steel Plated Smash Hit,Skylanders,SuperChargers,5,4,No,
,Hammer Slam Bowser,Skylanders,SuperChargers,5,5,Yes,
,Dark Hammer Slam Bowser,Skylanders,SuperChargers,5,5,No,
,Lava Lance Eruptor,Skylanders,SuperChargers,5,6,Yes,
,Spitfire,Skylanders,SuperChargers,5,7,Yes,
,Dark Spitfire,Skylanders,SuperChargers,5,7,Yes,
,Turbo Charge Donkey Kong,Skylanders,SuperChargers,5,8,Yes,
,Dark Turbo Charge Donkey Kong,Skylanders,SuperChargers,5,8,No,
,Thrillipede,Skylanders,SuperChargers,5,9,No,
,Eggcited Thrillipede,Skylanders,SuperChargers,5,9,No,
,Super Shot Stealth Elf,Skylanders,SuperChargers,5,10,Yes,
,Dark Super Shot Stealth Elf,Skylanders,SuperChargers,5,10,Yes,
,Big Bubble Pop Fizz,Skylanders,SuperChargers,5,11,Yes,
,Birthday Bash Big Bubble Pop Fizz,Skylanders,SuperChargers,5,11,Yes,
,Splat,Skylanders,SuperChargers,5,12,Yes,
,Power Blue Splat,Skylanders,SuperChargers,5,12,No,
,Double Dare Trigger Happy,Skylanders,SuperChargers,5,13,No,
,Power Blue Trigger Happy,Skylanders,SuperChargers,5,13,No,
,High Volt,Skylanders,SuperChargers,5,14,Yes,
,Bone Bash Roller Brawl,Skylanders,SuperChargers,5,15,Yes,
,Legendary Bone Bash Roller Brawl,Skylanders,SuperChargers,5,15,No,
,Fiesta,Skylanders,SuperChargers,5,16,Yes,
,Frightful Fiesta,Skylanders,SuperChargers,5,16,Yes,
,Dive-Clops,Skylanders,SuperChargers,5,17,Yes,
,Missile-Tow Dive-Clops,Skylanders,SuperChargers,5,17,Yes,
,Deep Dive Gill Grunt,Skylanders,SuperChargers,5,18,Yes,
,Astroblast,Skylanders,SuperChargers,5,19,Yes,
,Legendary Astroblast,Skylanders,SuperChargers,5,19,No,
,Nightfall,Skylanders,SuperChargers,5,20,Yes,
,Jet Stream,Skylanders,SuperChargers,5,21,Yes,
,Sky Slicer,Skylanders,SuperChargers,5,22,Yes,
,Shark Tank,Skylanders,SuperChargers,5,23,Yes,
,Thump Truck,Skylanders,SuperChargers,5,24,Yes,
,Clown Cruiser,Skylanders,SuperChargers,5,25,Yes,
,Dark Clown Cruiser,Skylanders,SuperChargers,5,25,No,
,Burn-Cycle,Skylanders,SuperChargers,5,26,Yes,
,Hot Streak,Skylanders,SuperChargers,5,27,Yes,
,Dark Hot Streak,Skylanders,SuperChargers,5,27,Yes,
,Event Exclusive Hot Streak,Skylanders,SuperChargers,5,27,No,
,Golden Hot Streak,Skylanders,SuperChargers,5,27,No,
,Barrel Blaster,Skylanders,SuperChargers,5,28,Yes,
,Dark Barrel Blaster,Skylanders,SuperChargers,5,28,No,
,Buzz Wing,Skylanders,SuperChargers,5,29,No,
,Stealth Stinger,Skylanders,SuperChargers,5,30,Yes,
,Nitro Stealth Stinger,Skylanders,SuperChargers,5,30,Yes,
,Soda Skimmer,Skylanders,SuperChargers,5,31,Yes,
,Nitro Soda Skimmer,Skylanders,SuperChargers,5,31,No,
,Splatter Splasher,Skylanders,SuperChargers,5,32,Yes,
,Power Blue Splatter Splasher,Skylanders,SuperChargers,5,32,No,
,Gold Rusher,Skylanders,SuperChargers,5,33,No,
,Power Blue Gold Rusher,Skylanders,SuperChargers,5,33,No,
,Shield Striker,Skylanders,SuperChargers,5,34,Yes,
,Tomb Buggy,Skylanders,SuperChargers,5,35,Yes,
,Crypt Crusher,Skylanders,SuperChargers,5,36,Yes,
,Dive Bomber,Skylanders,SuperChargers,5,37,Yes,
,Spring Ahead Dive Bomber,Skylanders,SuperChargers,5,37,Yes,
,Reef Ripper,Skylanders,SuperChargers,5,38,Yes,
,Sun Runner,Skylanders,SuperChargers,5,39,Yes,
,Legendary Sun Runner,Skylanders,SuperChargers,5,39,Yes,
,Sea Shadow,Skylanders,SuperChargers,5,40,Yes,
,Dark Sea Shadow,Skylanders,SuperChargers,5,40,Yes,
,Kaos Trophy,Skylanders,SuperChargers,5,41,Yes,
,Land Trophy,Skylanders,SuperChargers,5,42,No,
,Sea Trophy,Skylanders,SuperChargers,5,43,Yes,
,Sky Trophy,Skylanders,SuperChargers,5,44,Yes,
,Wild Storm,Skylanders,Imaginators,6,1,No,
,Bad Juju,Skylanders,Imaginators,6,2,No,
,Mystical Bad Juju,Skylanders,Imaginators,6,2,No,
,Air Strike,Skylanders,Imaginators,6,3,No,
,Egg Bomber Air Strike,Skylanders,Imaginators,6,3,No,
,Golden Queen,Skylanders,Imaginators,6,4,Yes,
,Dark Golden Queen,Skylanders,Imaginators,6,4,No,
,Barbella,Skylanders,Imaginators,6,5,No,
,Tri-Tip,Skylanders,Imaginators,6,6,Yes,
,Legendary Tri-Tip,Skylanders,Imaginators,6,6,No,
,Flare Wolf,Skylanders,Imaginators,6,7,No,
,Hard-Boiled Flare Wolf,Skylanders,Imaginators,6,7,No,
,Tae Kwon Crow,Skylanders,Imaginators,6,8,No,
,Mystical Tae Kwon Crow,Skylanders,Imaginators,6,8,No,
,Ember,Skylanders,Imaginators,6,9,No,
,King Pen,Skylanders,Imaginators,6,10,Yes,
,Dark King Pen,Skylanders,Imaginators,6,10,No,
,Tidepool,Skylanders,Imaginators,6,11,No,
,Grave Clobber,Skylanders,Imaginators,6,12,No,
,Crash Bandicoot,Skylanders,Imaginators,6,13,Yes,
,Chompy Mage,Skylanders,Imaginators,6,14,No,
,Jingle Bell Chompy Mage,Skylanders,Imaginators,6,14,No,
,Ambush,Skylanders,Imaginators,6,15,Yes,
,Boom Bloom,Skylanders,Imaginators,6,16,No,
,Wolfgang,Skylanders,Imaginators,6,17,No,
,Dark Wolfgang,Skylanders,Imaginators,6,17,No,
,Pit Boss,Skylanders,Imaginators,6,18,No,
,Legendary Pit Boss,Skylanders,Imaginators,6,18,No,
,Chopscotch,Skylanders,Imaginators,6,19,Yes,
,Candy-Coated Chopscotch,Skylanders,Imaginators,6,19,No,
,Buckshot,Skylanders,Imaginators,6,20,No,
,Mysticat,Skylanders,Imaginators,6,21,No,
,Pain-Yatta,Skylanders,Imaginators,6,22,No,
,Dr. Neo Cortex,Skylanders,Imaginators,6,23,Yes,
,Chain Reaction,Skylanders,Imaginators,6,24,No,
,Ro-Bow,Skylanders,Imaginators,6,25,No,
,Dr. Krankcase,Skylanders,Imaginators,6,26,No,
,Blaster-Tron,Skylanders,Imaginators,6,27,No,
,Aurora,Skylanders,Imaginators,6,28,Yes,
,Solar Flare Aurora,Skylanders,Imaginators,6,28,No,
,Starcast,Skylanders,Imaginators,6,29,No,
,Hood Sickle,Skylanders,Imaginators,6,30,No,
,Steel Plated Hood Sickle,Skylanders,Imaginators,6,30,No,
,Kaos,Skylanders,Imaginators,6,31,No,
,Enchanted Elven Forest,Skylanders,Imaginators,6,32,Yes,
,Gryphon Park Observatory,Skylanders,Imaginators,6,33,Yes,
,Blue Chest (Cursed Tiki Temple),Skylanders,Imaginators,6,34,No,
,Blue Chest (Lost Imaginite Mines),Skylanders,Imaginators,6,35,No,
,Bronze Mystery Chest,Skylanders,Imaginators,6,36,Yes,
,Silver Mystery Chest,Skylanders,Imaginators,6,37,Yes,
,Gold Mystery Chest,Skylanders,Imaginators,6,38,Yes,
,Dark Reactor,Skylanders,Imaginators,6,39,No,
,Dark Rune,Skylanders,Imaginators,6,40,No,
,Dark Pyramid,Skylanders,Imaginators,6,41,No,
,Air Lantern,Skylanders,Imaginators,6,42,Yes,no gameye
,Air Angel,Skylanders,Imaginators,6,43,Yes,no gameye
,Earth Rocket,Skylanders,Imaginators,6,44,Yes,no gameye
,Earth Armor,Skylanders,Imaginators,6,45,Yes,no gameye
,Fire Acorn,Skylanders,Imaginators,6,46,No,
,Fire Reactor,Skylanders,Imaginators,6,47,Yes,
,Life Rune,Skylanders,Imaginators,6,48,No,
,Life Rocket,Skylanders,Imaginators,6,49,Yes,no gameye
,Life Claw,Skylanders,Imaginators,6,50,No,
,Life Acorn,Skylanders,Imaginators,6,51,Yes,no gameye
,Legendary Life Acorn,Skylanders,Imaginators,6,51,No,
,Magic Claw,Skylanders,Imaginators,6,52,No,
,Magic Lantern,Skylanders,Imaginators,6,53,Yes,
,Legendary Magic Lantern,Skylanders,Imaginators,6,53,No,
,Magic Pyramid,Skylanders,Imaginators,6,54,No,
,Tech Reactor,Skylanders,Imaginators,6,55,No,
,Tech Armor,Skylanders,Imaginators,6,56,Yes,no gameye
,Undead Claw,Skylanders,Imaginators,6,57,No,
,Undead Fanged,Skylanders,Imaginators,6,58,Yes,no gameye
,Undead Lantern,Skylanders,Imaginators,6,59,No,
,Water Rocket,Skylanders,Imaginators,6,60,No,
,Water Fanged,Skylanders,Imaginators,6,61,No,
,Water Armor,Skylanders,Imaginators,6,62,No,
,Light Fanged,Skylanders,Imaginators,6,63,Yes,no gameye
,Legendary Light Fanged,Skylanders,Imaginators,6,63,No,
,Light Rune,Skylanders,Imaginators,6,64,Yes,no gameye
,Spyro,Skylanders,Eon's Elite,Eon's Elite,1,No,
,Chop Chop,Skylanders,Eon's Elite,Eon's Elite,2,No,
,Whirlwind,Skylanders,Eon's Elite,Eon's Elite,3,No,
,Trigger Happy,Skylanders,Eon's Elite,Eon's Elite,4,No,
,Stealth Elf,Skylanders,Eon's Elite,Eon's Elite,5,No,
,Terrafin,Skylanders,Eon's Elite,Eon's Elite,6,No,
,Eruptor,Skylanders,Eon's Elite,Eon's Elite,7,No,
,Gill Grunt,Skylanders,Eon's Elite,Eon's Elite,8,No,
,Voodood,Skylanders,Eon's Elite,Eon's Elite,9,No,
,Zook,Skylanders,Eon's Elite,Eon's Elite,10,No,
,Slam Bam,Skylanders,Eon's Elite,Eon's Elite,11,No,
,Boomer,Skylanders,Eon's Elite,Eon's Elite,12,No,
,Ghost Roaster,Skylanders,Eon's Elite,Eon's Elite,13,No,
,Dino-Rang,Skylanders,Eon's Elite,Eon's Elite,14,No,
,Chase Da Silva,Starlink,Battle for Atlas,Battle for Atlas,1,Yes,no gameye
,Pulse,Starlink,Battle for Atlas,Battle for Atlas,1,Yes,no gameye
,Fox McCloud,Starlink,Battle for Atlas,Battle for Atlas,2,Yes,no gameye
,Arwing,Starlink,Battle for Atlas,Battle for Atlas,2,Yes,no gameye
,Hunter Hakka,Starlink,Battle for Atlas,Battle for Atlas,3,Yes,no gameye
,Lance,Starlink,Battle for Atlas,Battle for Atlas,3,Yes,no gameye
,Judge,Starlink,Battle for Atlas,Battle for Atlas,4,Yes,no gameye
,Neptune,Starlink,Battle for Atlas,Battle for Atlas,4,Yes,no gameye
,Levi McCray,Starlink,Battle for Atlas,Battle for Atlas,5,Yes,no gameye
,Scramble,Starlink,Battle for Atlas,Battle for Atlas,5,Yes,no gameye
,Mason Rana,Starlink,Battle for Atlas,Battle for Atlas,6,Yes,no gameye
,Zenith,Starlink,Battle for Atlas,Battle for Atlas,6,Yes,no gameye
,Razor Lemay,Starlink,Battle for Atlas,Battle for Atlas,7,Yes,no gameye
,Cerberus,Starlink,Battle for Atlas,Battle for Atlas,7,Yes,no gameye
,Shaid,Starlink,Battle for Atlas,Battle for Atlas,8,Yes,no gameye
,Nadir,Starlink,Battle for Atlas,Battle for Atlas,8,Yes,no gameye
,Eli Arborwood,Starlink,Battle for Atlas,Battle for Atlas,9,Yes,no gameye
,Kharl Zeon,Starlink,Battle for Atlas,Battle for Atlas,10,Yes,no gameye
,Startail,Starlink,Battle for Atlas,Battle for Atlas,11,Yes,no gameye
,Crusher,Starlink,Battle for Atlas,Battle for Atlas,,Yes,no gameye
,Flamethrower,Starlink,Battle for Atlas,Battle for Atlas,,Yes,no gameye
,Freeze Ray Mk2,Starlink,Battle for Atlas,Battle for Atlas,,Yes,no gameye
,Frost Barrage,Starlink,Battle for Atlas,Battle for Atlas,,Yes,no gameye
,Fury Cannon,Starlink,Battle for Atlas,Battle for Atlas,,Yes,no gameye
,Gauss Gun Mk2,Starlink,Battle for Atlas,Battle for Atlas,,Yes,no gameye
,Hailstorm,Starlink,Battle for Atlas,Battle for Atlas,,Yes,no gameye
,Imploder,Starlink,Battle for Atlas,Battle for Atlas,,Yes,no gameye
,Iron Fist,Starlink,Battle for Atlas,Battle for Atlas,,Yes,no gameye
,Levitator,Starlink,Battle for Atlas,Battle for Atlas,,Yes,no gameye
,Meteor Mk2,Starlink,Battle for Atlas,Battle for Atlas,,Yes,no gameye
,Nullifier,Starlink,Battle for Atlas,Battle for Atlas,,Yes,no gameye
,Shockwave,Starlink,Battle for Atlas,Battle for Atlas,,Yes,no gameye
,Shredder,Starlink,Battle for Atlas,Battle for Atlas,,Yes,no gameye
,Shredder Mk2,Starlink,Battle for Atlas,Battle for Atlas,,Yes,no gameye
,Volcano,Starlink,Battle for Atlas,Battle for Atlas,,Yes,no gameye